<?xml version="1.0"?>
<data grt_format="2.0">
  <value _ptr_="000001F2FE957500" type="list" content-type="object" content-struct-name="db.mgmt.Connection">
    <value type="object" struct-name="db.mgmt.Connection" id="{1C096B7F-4A1D-4E19-B7F0-DC681044ADCB}" struct-checksum="0x96ba47d8">
      <link type="object" struct-name="db.mgmt.Driver" key="driver">com.mysql.rdbms.mysql.driver.native</link>
      <value type="string" key="hostIdentifier">Mysql@127.0.0.1:3306</value>
      <value type="int" key="isDefault">1</value>
      <value _ptr_="000001F2FE82F260" type="dict" key="modules"/>
      <value _ptr_="000001F2FE82E300" type="dict" key="parameterValues">
        <value type="string" key=""></value>
        <value type="int" key="CLIENT_COMPRESS">0</value>
        <value type="string" key="DbSqlEditor:LastDefaultSchema">green_land</value>
        <value type="string" key="SQL_MODE"></value>
        <value type="string" key="hostName">127.0.0.1</value>
        <value type="int" key="lastConnected">1721618580</value>
        <value type="string" key="password"></value>
        <value type="int" key="port">3306</value>
        <value type="string" key="schema"></value>
        <value type="string" key="serverVersion">8.0.32</value>
        <value type="string" key="sslCA"></value>
        <value type="string" key="sslCert"></value>
        <value type="string" key="sslCipher"></value>
        <value type="string" key="sslKey"></value>
        <value type="int" key="useAnsiQuotes">0</value>
        <value type="int" key="useSSL">0</value>
        <value type="string" key="userName">root</value>
      </value>
      <value type="string" key="name">Green_Land</value>
      <link type="object" struct-name="GrtObject" key="owner">{C098A002-F190-4EDD-A027-A9AE996A52E5}</link>
    </value>
  </value>
</data>
