<?xml version="1.0"?>
<data grt_format="2.0">
  <value _ptr_="000001F2FE9588B0" type="list" content-type="object" content-struct-name="db.mgmt.ServerInstance">
    <value type="object" struct-name="db.mgmt.ServerInstance" id="{34007F38-F7AE-4C38-A035-E8DFF6392333}" struct-checksum="0x367436e2">
      <link type="object" struct-name="db.mgmt.Connection" key="connection">{1C096B7F-4A1D-4E19-B7F0-DC681044ADCB}</link>
      <value _ptr_="000001F2FE82EA20" type="dict" key="loginInfo">
        <value type="string" key="ssh.hostName"></value>
        <value type="string" key="ssh.key">C:\Users\user\AppData\Roaming/.ssh/ssh_private_key</value>
        <value type="string" key="ssh.localPort">3306</value>
        <value type="int" key="ssh.useKey">0</value>
        <value type="string" key="ssh.userName">mysql</value>
      </value>
      <value _ptr_="000001F2FE82EA80" type="dict" key="serverInfo">
        <value type="string" key="serverVersion">8.0.32</value>
        <value type="int" key="setupPending">0</value>
        <value type="string" key="sys.config.path">%ProgramData%\MySQL\MySQL Server 8.0\my.ini</value>
        <value type="string" key="sys.config.section">mysqld</value>
        <value type="string" key="sys.mysqld.service_name">MySQL80</value>
        <value type="string" key="sys.mysqld.start">sc start mysql</value>
        <value type="string" key="sys.mysqld.stop">sc stop mysql</value>
        <value type="string" key="sys.preset">Windows (MySQL 8.0 Installer Package)</value>
        <value type="string" key="sys.sudo"></value>
        <value type="string" key="sys.system">Windows</value>
        <value type="int" key="sys.usesudo">1</value>
        <value type="int" key="windowsAdmin">1</value>
      </value>
      <value type="string" key="name">Green_Land</value>
    </value>
  </value>
</data>
